event_type,event_count,event_ratio
view,19686918,0.963024301215024
cart,400024,0.019567960463351287
purchase,355863,0.01740773832162465
