event_type,user_count,ratio_to_view_users
view,1781733,1.0
cart,158286,0.08883822660297587
purchase,186997,0.10495231328150739
