model,AUC,PR_AUC
XGBoost,0.813956220447871,0.13059118300444117
LightGBM,0.8126881142661495,0.12915163075583572
CatBoost,0.8136808174876256,0.12770755187052996
Logistic Regression,0.8024652346884007,0.1002742267864965
