top_k,top_k_n,overall_purchase_rate,topk_purchase_rate,recall_at_k,lift_at_k,model
0.1,316916,0.0116084095257809,0.06243294753183809,0.5378238060289761,5.378251636727833,CatBoost
0.1,316916,0.0116084095257809,0.06223731209531863,0.5361385196662046,5.3613987305579585,XGBoost
0.1,316916,0.0116084095257809,0.06212371732572669,0.5351599662942728,5.351613172136742,LightGBM
0.1,316916,0.0116084095257809,0.059488949753246916,0.5124629644730762,5.124642580977955,Logistic Regression
